{
  "type": "dimensions:ultra_dimension_type",
  "generator": {
    "type": "minecraft:noise",
    "settings": "minecraft:amplified",
    "biome_source": {
      "type": "minecraft:multi_noise",
      "biomes": [
        {
          "biome": "dimensions:purple_jungle_biome",
          "parameters": {
            "temperature": 0,
            "humidity": 0,
            "continentalness": 2,
            "erosion": 2,
            "weirdness": 2,
            "depth": 2,
            "offset": 1
          }
        }
      ]
    }
  }
}
