{
  "type": "minecraft:jigsaw",
  "biomes": [
    "minecraft:plains",
    "minecraft:forest",
    "minecraft:snowy_plains",
    "minecraft:snowy_taiga",
    "minecraft:birch_forest",
    "minecraft:savanna",
    "minecraft:taiga",
    "minecraft:dark_forest"
  ],
  "step": "surface_structures",
  "spawn_overrides": {},
  "terrain_adaptation": "beard_thin",
  "start_pool": "worldgeneration:temple",
  "size": 1,
  "start_height": {
    "absolute": 0
  },
  "project_start_to_heightmap": "WORLD_SURFACE_WG",
  "max_distance_from_center": 80,
  "use_expansion_hack": false
}
