{
  "display": {
    "icon": {
      "item": "cobblemon:master_ball"
    },
    "title": "#144, #145, #146",
    "description": "Conquer the Phantom Wings",
    "frame": "challenge",
    "show_toast": true,
    "announce_to_chat": false,
    "hidden": true
  },
  "parent": "survivallegends:rayquaza",
  "criteria": {
    "Deafeat or capture all three Legendary birds": {
      "trigger": "minecraft:tick",
      "conditions": {
        "player": [
          {
            "condition": "minecraft:entity_properties",
            "entity": "this",
            "predicate": {
              "type": "minecraft:player",
              "type_specific": {
                "type": "player",
                "advancements": {
                  "survivallegends:zapdos": true,
                  "survivallegends:moltres": true,
                  "survivallegends:articuno": true
                }
              }
            }
          }
        ]
      }
    }
  }
}
