{
  "display": {
    "icon": {
      "item": "cobblemon:ice_stone"
    },
    "title": "The Frozen Cockatrice",
    "description": "Summon Articuno using a Beacon and four Ice Stones",
    "frame": "challenge",
    "show_toast": true,
    "announce_to_chat": false,
    "hidden": false
  },
  "parent": "survivallegends:allbirds",
  "criteria": {
    "stone_use": {
      "trigger": "minecraft:item_used_on_block",
      "conditions": {
        "location": [
          {
            "condition": "minecraft:match_tool",
            "predicate": {
              "items": [
                "cobblemon:ice_stone"
              ],
              "count": 4
            }
          },
          {
            "condition": "minecraft:location_check",
            "predicate": {
              "block": {
                "blocks": [
                  "minecraft:beacon"
                ]
              },
              "biome": "minecraft:snowy_taiga",
              "any_of": [
                {
                  "structure": "worldgeneration:temple"
                },
                {
                  "structure": "worldgeneration:skyisland/layer/part3"
                }
              ]
            }
          }
        ]
      }
    }
  },
  "requirements": [
    [
      "stone_use"
    ]
  ],
  "rewards": {
    "function": "survivallegends:articuno"
  }
}
