{
  "display": {
    "icon": {
      "item": "minecraft:nether_star"
    },
    "title": "Deadlocked",
    "description": "Summon Mewtwo using a Beacon and one Nether Star",
    "frame": "challenge",
    "show_toast": false,
    "announce_to_chat": false,
    "hidden": true
  },
  "parent": "survivallegends:mewtwo",
  "criteria": {
    "stone_use": {
      "trigger": "minecraft:item_used_on_block",
      "conditions": {
        "location": [
          {
            "condition": "minecraft:match_tool",
            "predicate": {
              "items": [
                "minecraft:nether_star"
              ],
              "count": 1
            }
          },
          {
            "condition": "minecraft:location_check",
            "predicate": {
              "position": {
                  "y": {
                    "min": 190,
                    "max": 280
                  }
                },
              "block": {
                "blocks": [
                  "minecraft:beacon"
                ]
              }
            }
          } 
        ]
      }
    }
  },
  "requirements": [
    [
      "stone_use"
    ]
  ],
  "rewards": {
    "function": "survivallegends:mewtwo"
  }
}
