{
  "display": {
    "icon": {
      "item": "cobblemon:thunder_stone"
    },
    "title": "Électhor",
    "description": "Summon Zapdos using a Beacon and four Thunder Stones",
    "frame": "challenge",
    "show_toast": false,
    "announce_to_chat": false,
    "hidden": true
  },
  "parent": "survivallegends:zapdos",
  "criteria": {
    "stone_use": {
      "trigger": "minecraft:item_used_on_block",
      "conditions": {
        "location": [
          {
            "condition": "minecraft:match_tool",
            "predicate": {
              "items": [
                "cobblemon:thunder_stone"
              ],
              "count": 4
            }
          },
            {
              "condition": "minecraft:location_check",
              "predicate": {
                "position": {
                  "y": {
                    "min": 190,
                    "max": 280
                  }
                },
                "block": {
                  "blocks": [
                    "minecraft:beacon"
                  ]
                }
              }
            }
        ]
      }
    }
  },
  "requirements": [
    [
      "stone_use"
    ]
  ],
  "rewards": {
    "function": "survivallegends:zapdos"
  }
}
